use QLSV;

insert into KHOAHOC values 
('CNTT',N'Công Nghệ Thông Tin'),
('KT',N'Kế Toán'),
('SP',N'Sư Phạm');

insert into HeDT values 
('CĐ',N'Cao Đẳng'),
('ĐH',N'Đại Học'),
('TC',N'Trung Cấp');

insert into NGANHHOC values
('140902',N'Sư Phạm Toán Tin','SP'),
('480202',N'Tin Học Ứng Dụng','CNTT'),
('7480103',N'Kĩ Thuật Phàn Mềm','CNTT'),
('7480104',N'Phát Triển Phần Mềm','CNTT');

insert into	LOPHOC values 
('SD18202',N'Phát Triển Phần Mềm','7480104','K20','CĐ','2022'),
('SD18203',N'Phát Triển Phần Mềm','7480104','K20','CĐ','2022'),
('KT18201',N'Kĩ Thuật Phần Mềm','7480103','K21','CĐ','2022'),
('SP18202',N'Sư Phạm Tin Học','140902','K20','CĐ','2022');
insert into SINHVIEN values
('PS26501',N'Phạm Minh Đức','SD18202',N'Nam','2003-11-15',N'Quận Gò Vấp','ducpmps26501@fpt.edu.vn','duc.jpg'),
('PS26502',N'Huỳnh Tấn Phát','SD18202',N'Nam','2003-04-15',N'Quận 12','phatht26502@fpt.edu.vn','phat.jpg'),
('PS26503',N'Trịnh Phùng Hồng Phúc','SD18202',N'Nam','1999-01-15',N'Quận Bình Thạnh','phucthp26503@fpt.edu.vn','phuc.jpg'),
('PS26504',N'Lê Ngọc Khánh','SD18202',N'Nam','2003-01-11',N'Quận 12','khanhlnps26504@fpt.edu.vn','khanh.jpg'),
('PS26505',N'Lưu Hoàng Bảo','SD18202',N'Nam','2003-02-11',N'Quận Gò Vấp','baolhps26505@fpt.edu.vn','bao.jpg'),
('PS26506',N'Lê Tấn Đạt','SD18202',N'Nam','2003-03-13',N'Quận Bình Thạnh','datltps26506@fpt.edu.vn','dat.jpg'),
('PS26507',N'Mai Quang Nhật','SD18202',N'Nam','2003-01-01',N'Quận 12','nhatmqps26507@fpt.edu.vn','nhat.jpg'),
('PS26508','Lê Hoàng Vinh','SD18202',N'Nam','2003-07-12',N'Quận 1','vinhlhps26508@fpt.edu.vn','vinh.jpg'),
('PS26509','Hoàng Vĩnh Nam','SD18202',N'Nam','2003-05-05',N'Quận 1','namhvps26509@fpt.edu.vn','nam.jpg');
insert into BangUser values
('PS26501','123','User'),
('PS26502','123','User'),
('PS26503','123','User'),
('PS26504','123','User'),
('PS26505','123','User'),
('PS26506','123','User'),
('PS26507','123','User'),
('PS26508','123','User'),
('PS26509','123','User'),
('admin','admin','Admin');
insert into ADMIN_controll values
('admin','Admin',N'Nam',N'Quận 1','admin@gmail.com');
insert into cahoc values
(N'Ca 1',N'Ca sáng'),
(N'Ca 2',N'Ca sáng'),
(N'Ca 3',N'Ca chiều'),
(N'Ca 4',N'Ca chiều');
insert into HOCPHAN values 
('HP01','Java 1','10','7480104',N'Kỳ 1'),
('HP02','Java 2','11','7480103',N'Kỳ 2'),
('HP03','Java 3','12','7480104',N'Kỳ 3'),
('HP04',N'Dự án mẫu','14','7480103',N'Kỳ 5'),
('HP05',N'Nhập môn kỹ thuật phần mềm','15','140902',N'Kỳ 6');


insert into DIEMHOCPHAN values 
('PS26501','HP01','9'),
('PS26502','HP02','7'),
('PS26503','HP03','8'),
('PS26504','HP04','10'),
('PS26505','HP05','9'),
('PS26506','HP01','5'),
('PS26507','HP02','6'),
('PS26508','HP03','8'),
('PS26509','HP04','10'),

('PS26501','HP02','9'),
('PS26502','HP03','7'),
('PS26503','HP04','8'),
('PS26504','HP05','8'),
('PS26505','HP01','9'),
('PS26506','HP02','9'),
('PS26507','HP03','6'),
('PS26508','HP04','8'),
('PS26509','HP05','7'),

('PS26501','HP03','9'),
('PS26502','HP04','7'),
('PS26503','HP05','8'),
('PS26504','HP01','7'),
('PS26505','HP02','9'),
('PS26506','HP03','8'),
('PS26507','HP04','10'),
('PS26508','HP05','8'),
('PS26509','HP01','7'),

('PS26501','HP04','6'),
('PS26502','HP05','7'),
('PS26503','HP01','6'),
('PS26504','HP02','7'),
('PS26505','HP03','8'),
('PS26506','HP04','9'),
('PS26507','HP05','9'),
('PS26508','HP01','7'),
('PS26509','HP02','8'),

('PS26501','HP05','9'),
('PS26502','HP01','7'),
('PS26503','HP02','8'),
('PS26504','HP03','10'),
('PS26505','HP04','9'),
('PS26506','HP05','5'),
('PS26507','HP01','6'),
('PS26508','HP02','8'),
('PS26509','HP03','10');

insert into LICHHOC values 
('PS26501','2023-06-14','Ca 1',N'7h30 - 9h30','LH01','T11-11','HP01'),
('PS26502','2023-06-14','Ca 1',N'7h30 - 9h30','LH02','T11-11','HP01'),
('PS26503','2023-06-14','Ca 1',N'7h30 - 9h30','LH03','T11-11','HP01'),
('PS26504','2023-06-14','Ca 1',N'7h30 - 9h30','LH04','T11-11','HP01'),
('PS26505','2023-06-14','Ca 1',N'7h30 - 9h30','LH05','T11-11','HP01'),
('PS26506','2023-06-14','Ca 1',N'7h30 - 9h30','LH06','T11-11','HP01'),
('PS26507','2023-06-14','Ca 1',N'7h30 - 9h30','LH07','T11-11','HP01'),
('PS26508','2023-06-14','Ca 1',N'7h30 - 9h30','LH08','T11-11','HP01'),
('PS26509','2023-06-14','Ca 1',N'7h30 - 9h30','LH09','T11-11','HP01'),

('PS26501','2023-06-16','Ca 2',N'9h30 - 12h','LH10','T11-11','HP02'),
('PS26502','2023-06-16','Ca 2',N'9h30 - 12h','LH11','T11-11','HP02'),
('PS26503','2023-06-16','Ca 2',N'9h30 - 12h','LH12','T11-11','HP02'),
('PS26504','2023-06-16','Ca 2',N'9h30 - 12h','LH13','T11-11','HP02'),
('PS26505','2023-06-16','Ca 2',N'9h30 - 12h','LH14','T11-11','HP02'),
('PS26506','2023-06-16','Ca 2',N'9h30 - 12h','LH15','T11-11','HP02'),
('PS26507','2023-06-16','Ca 2',N'9h30 - 12h','LH16','T11-11','HP02'),
('PS26508','2023-06-16','Ca 2',N'9h30 - 12h','LH17','T11-11','HP02'),
('PS26509','2023-06-16','Ca 2',N'9h30 - 12h','LH18','T11-11','HP02'),

('PS26501','2023-06-19','Ca 3',N'13h - 15h','LH19','T11-11','HP03'),
('PS26502','2023-06-19','Ca 3',N'13h - 15h','LH20','T11-11','HP03'),
('PS26503','2023-06-19','Ca 3',N'13h - 15h','LH21','T11-11','HP03'),
('PS26504','2023-06-19','Ca 3',N'13h - 15h','LH22','T11-11','HP03'),
('PS26505','2023-06-19','Ca 3',N'13h - 15h','LH23','T11-11','HP03'),
('PS26506','2023-06-19','Ca 3',N'13h - 15h','LH24','T11-11','HP03'),
('PS26507','2023-06-19','Ca 3',N'13h - 15h','LH25','T11-11','HP03'),
('PS26508','2023-06-19','Ca 3',N'13h - 15h','LH26','T11-11','HP03'),
('PS26509','2023-06-19','Ca 3',N'13h - 15h','LH27','T11-11','HP03'),

('PS26501','2023-06-21','Ca 4',N'15h - 17h','LH28','T11-11','HP04'),
('PS26502','2023-06-21','Ca 4',N'15h - 17h','LH29','T11-11','HP04'),
('PS26503','2023-06-21','Ca 4',N'15h - 17h','LH30','T11-11','HP04'),
('PS26504','2023-06-21','Ca 4',N'15h - 17h','LH31','T11-11','HP04'),
('PS26505','2023-06-21','Ca 4',N'15h - 17h','LH32','T11-11','HP04'),
('PS26506','2023-06-21','Ca 4',N'15h - 17h','LH33','T11-11','HP04'),
('PS26507','2023-06-21','Ca 4',N'15h - 17h','LH34','T11-11','HP04'),
('PS26508','2023-06-21','Ca 4',N'15h - 17h','LH35','T11-11','HP04'),
('PS26509','2023-06-21','Ca 4',N'15h - 17h','LH36','T11-11','HP04'),
-------------------------------------------------------------------------
('PS26501','2023-06-16','Ca 1',N'7h30 - 9h30','LH37','T11-11','HP01'),
('PS26502','2023-06-16','Ca 1',N'7h30 - 9h30','LH38','T11-11','HP01'),
('PS26503','2023-06-16','Ca 1',N'7h30 - 9h30','LH39','T11-11','HP01'),
('PS26504','2023-06-16','Ca 1',N'7h30 - 9h30','LH40','T11-11','HP01'),
('PS26505','2023-06-16','Ca 1',N'7h30 - 9h30','LH41','T11-11','HP01'),
('PS26506','2023-06-16','Ca 1',N'7h30 - 9h30','LH42','T11-11','HP01'),
('PS26507','2023-06-16','Ca 1',N'7h30 - 9h30','LH43','T11-11','HP01'),
('PS26508','2023-06-16','Ca 1',N'7h30 - 9h30','LH44','T11-11','HP01'),
('PS26509','2023-06-16','Ca 1',N'7h30 - 9h30','LH45','T11-11','HP01'),


('PS26501','2023-06-14','Ca 2',N'9h30 - 12h','LH46','T11-11','HP02'),
('PS26502','2023-06-14','Ca 2',N'9h30 - 12h','LH47','T11-11','HP02'),
('PS26503','2023-06-14','Ca 2',N'9h30 - 12h','LH48','T11-11','HP02'),
('PS26504','2023-06-14','Ca 2',N'9h30 - 12h','LH49','T11-11','HP02'),
('PS26505','2023-06-14','Ca 2',N'9h30 - 12h','LH50','T11-11','HP02'),
('PS26506','2023-06-14','Ca 2',N'9h30 - 12h','LH51','T11-11','HP02'),
('PS26507','2023-06-14','Ca 2',N'9h30 - 12h','LH52','T11-11','HP02'),
('PS26508','2023-06-14','Ca 2',N'9h30 - 12h','LH53','T11-11','HP02'),
('PS26509','2023-06-14','Ca 2',N'9h30 - 12h','LH54','T11-11','HP02'),

('PS26501','2023-06-21','Ca 3',N'13h - 15h','LH55','T11-11','HP03'),
('PS26502','2023-06-21','Ca 3',N'13h - 15h','LH56','T11-11','HP03'),
('PS26503','2023-06-21','Ca 3',N'13h - 15h','LH57','T11-11','HP03'),
('PS26504','2023-06-21','Ca 3',N'13h - 15h','LH58','T11-11','HP03'),
('PS26505','2023-06-21','Ca 3',N'13h - 15h','LH59','T11-11','HP03'),
('PS26506','2023-06-21','Ca 3',N'13h - 15h','LH60','T11-11','HP03'),
('PS26507','2023-06-21','Ca 3',N'13h - 15h','LH61','T11-11','HP03'),
('PS26508','2023-06-21','Ca 3',N'13h - 15h','LH62','T11-11','HP03'),
('PS26509','2023-06-21','Ca 3',N'13h - 15h','LH63','T11-11','HP03'),

('PS26501','2023-06-19','Ca 4',N'15h - 17h','LH64','T11-11','HP04'),
('PS26502','2023-06-19','Ca 4',N'15h - 17h','LH65','T11-11','HP04'),
('PS26503','2023-06-19','Ca 4',N'15h - 17h','LH66','T11-11','HP04'),
('PS26504','2023-06-19','Ca 4',N'15h - 17h','LH67','T11-11','HP04'),
('PS26505','2023-06-19','Ca 4',N'15h - 17h','LH68','T11-11','HP04'),
('PS26506','2023-06-19','Ca 4',N'15h - 17h','LH69','T11-11','HP04'),
('PS26507','2023-06-19','Ca 4',N'15h - 17h','LH70','T11-11','HP04'),
('PS26508','2023-06-19','Ca 4',N'15h - 17h','LH71','T11-11','HP04'),
('PS26509','2023-06-19','Ca 4',N'15h - 17h','LH72','T11-11','HP04'),
------------------------------------------------------------------------
('PS26501','2023-06-21','Ca 1',N'7h30 - 9h30','LH73','T11-11','HP01'),
('PS26502','2023-06-21','Ca 1',N'7h30 - 9h30','LH74','T11-11','HP01'),
('PS26503','2023-06-21','Ca 1',N'7h30 - 9h30','LH75','T11-11','HP01'),
('PS26504','2023-06-21','Ca 1',N'7h30 - 9h30','LH76','T11-11','HP01'),
('PS26505','2023-06-21','Ca 1',N'7h30 - 9h30','LH77','T11-11','HP01'),
('PS26506','2023-06-21','Ca 1',N'7h30 - 9h30','LH78','T11-11','HP01'),
('PS26507','2023-06-21','Ca 1',N'7h30 - 9h30','LH79','T11-11','HP01'),
('PS26508','2023-06-21','Ca 1',N'7h30 - 9h30','LH80','T11-11','HP01'),
('PS26509','2023-06-21','Ca 1',N'7h30 - 9h30','LH81','T11-11','HP01'),

('PS26501','2023-06-19','Ca 2',N'9h30 - 12h','LH82','T11-11','HP02'),
('PS26502','2023-06-19','Ca 2',N'9h30 - 12h','LH83','T11-11','HP02'),
('PS26503','2023-06-19','Ca 2',N'9h30 - 12h','LH84','T11-11','HP02'),
('PS26504','2023-06-19','Ca 2',N'9h30 - 12h','LH85','T11-11','HP02'),
('PS26505','2023-06-19','Ca 2',N'9h30 - 12h','LH86','T11-11','HP02'),
('PS26506','2023-06-19','Ca 2',N'9h30 - 12h','LH87','T11-11','HP02'),
('PS26507','2023-06-19','Ca 2',N'9h30 - 12h','LH88','T11-11','HP02'),
('PS26508','2023-06-19','Ca 2',N'9h30 - 12h','LH89','T11-11','HP02'),
('PS26509','2023-06-19','Ca 2',N'9h30 - 12h','LH90','T11-11','HP02'),

('PS26501','2023-06-16','Ca 3',N'13h - 15h','LH91','T11-11','HP03'),
('PS26502','2023-06-16','Ca 3',N'13h - 15h','LH92','T11-11','HP03'),
('PS26503','2023-06-16','Ca 3',N'13h - 15h','LH93','T11-11','HP03'),
('PS26504','2023-06-16','Ca 3',N'13h - 15h','LH94','T11-11','HP03'),
('PS26505','2023-06-16','Ca 3',N'13h - 15h','LH95','T11-11','HP03'),
('PS26506','2023-06-16','Ca 3',N'13h - 15h','LH96','T11-11','HP03'),
('PS26507','2023-06-16','Ca 3',N'13h - 15h','LH97','T11-11','HP03'),
('PS26508','2023-06-16','Ca 3',N'13h - 15h','LH98','T11-11','HP03'),
('PS26509','2023-06-16','Ca 3',N'13h - 15h','LH99','T11-11','HP03');

insert into DIEMDANH values 

('PS26501',1,'LH01'),
('PS26502',1,'LH02'),
('PS26503',1,'LH03'),
('PS26504',1,'LH04'),
('PS26505',1,'LH05'),
('PS26506',1,'LH06'),
('PS26507',1,'LH07'),
('PS26508',1,'LH08'),
('PS26509',1,'LH09'),

('PS26501',1,'LH10'),
('PS26502',1,'LH11'),
('PS26503',1,'LH12'),
('PS26504',1,'LH13'),
('PS26505',1,'LH14'),
('PS26506',1,'LH15'),
('PS26507',1,'LH16'),
('PS26508',1,'LH17'),
('PS26509',1,'LH18'),

('PS26501',1,'LH19'),
('PS26502',1,'LH20'),
('PS26503',1,'LH21'),
('PS26504',1,'LH22'),
('PS26505',1,'LH23'),
('PS26506',1,'LH24'),
('PS26507',1,'LH25'),
('PS26508',1,'LH26'),
('PS26509',1,'LH27'),

('PS26501',1,'LH28'),
('PS26502',1,'LH29'),
('PS26503',1,'LH30'),
('PS26504',1,'LH31'),
('PS26505',1,'LH32'),
('PS26506',1,'LH33'),
('PS26507',1,'LH34'),
('PS26508',1,'LH35'),
('PS26509',1,'LH36'),

('PS26501',1,'LH37'),
('PS26502',1,'LH38'),
('PS26503',1,'LH39'),
('PS26504',1,'LH40'),
('PS26505',1,'LH41'),
('PS26506',1,'LH42'),
('PS26507',1,'LH43'),
('PS26508',1,'LH44'),
('PS26509',1,'LH45'),

('PS26501',1,'LH46'),
('PS26502',1,'LH47'),
('PS26503',1,'LH48'),
('PS26504',1,'LH49'),
('PS26505',1,'LH50'),
('PS26506',1,'LH51'),
('PS26507',1,'LH52'),
('PS26508',1,'LH53'),
('PS26509',1,'LH54'),

('PS26501',1,'LH55'),
('PS26502',1,'LH56'),
('PS26503',1,'LH57'),
('PS26504',1,'LH58'),
('PS26505',1,'LH59'),
('PS26506',1,'LH60'),
('PS26507',1,'LH61'),
('PS26508',1,'LH62'),
('PS26509',1,'LH63'),

('PS26501',1,'LH64'),
('PS26502',1,'LH65'),
('PS26503',1,'LH66'),
('PS26504',1,'LH67'),
('PS26505',1,'LH68'),
('PS26506',1,'LH69'),
('PS26507',1,'LH70'),
('PS26508',1,'LH71'),
('PS26509',1,'LH72'),

('PS26501',1,'LH73'),
('PS26502',1,'LH74'),
('PS26503',1,'LH75'),
('PS26504',1,'LH76'),
('PS26505',1,'LH77'),
('PS26506',1,'LH78'),
('PS26507',1,'LH79'),
('PS26508',1,'LH80'),
('PS26509',1,'LH81'),

('PS26501',1,'LH82'),
('PS26502',1,'LH83'),
('PS26503',1,'LH84'),
('PS26504',1,'LH85'),
('PS26505',1,'LH86'),
('PS26506',1,'LH87'),
('PS26507',1,'LH88'),
('PS26508',1,'LH89'),
('PS26509',1,'LH90'),

('PS26501',1,'LH91'),
('PS26502',1,'LH92'),
('PS26503',1,'LH93'),
('PS26504',1,'LH94'),
('PS26505',1,'LH95'),
('PS26506',1,'LH96'),
('PS26507',1,'LH97'),
('PS26508',1,'LH98'),
('PS26509',1,'LH99');


--- table Điểm danh nếu hàm comathoacvangmat(nvarchar(50))
/*
('PS26501',N'Có mặt','LH01'),
('PS26502',N'Có mặt','LH02'),
('PS26503',N'Có mặt','LH03'),
('PS26504',N'Có mặt','LH04'),
('PS26505',N'Có mặt','LH05'),
('PS26506',N'Có mặt','LH06'),
('PS26507',N'Có mặt','LH07'),
('PS26508',N'Có mặt','LH08'),
('PS26509',N'Có mặt','LH09'),

('PS26501',N'Có mặt','LH10'),
('PS26502',N'Có mặt','LH11'),
('PS26503',N'Có mặt','LH12'),
('PS26504',N'Có mặt','LH13'),
('PS26505',N'Có mặt','LH14'),
('PS26506',N'Có mặt','LH15'),
('PS26507',N'Có mặt','LH16'),
('PS26508',N'Có mặt','LH17'),
('PS26509',N'Có mặt','LH18'),

('PS26501',N'Có mặt','LH19'),
('PS26502',N'Có mặt','LH20'),
('PS26503',N'Có mặt','LH21'),
('PS26504',N'Có mặt','LH22'),
('PS26505',N'Có mặt','LH23'),
('PS26506',N'Có mặt','LH24'),
('PS26507',N'Có mặt','LH25'),
('PS26508',N'Có mặt','LH26'),
('PS26509',N'Có mặt','LH27'),

('PS26501',N'Có mặt','LH28'),
('PS26502',N'Có mặt','LH29'),
('PS26503',N'Có mặt','LH30'),
('PS26504',N'Có mặt','LH31'),
('PS26505',N'Có mặt','LH32'),
('PS26506',N'Có mặt','LH33'),
('PS26507',N'Có mặt','LH34'),
('PS26508',N'Có mặt','LH35'),
('PS26509',N'Có mặt','LH36'),

('PS26501',N'Có mặt','LH37'),
('PS26502',N'Có mặt','LH38'),
('PS26503',N'Có mặt','LH39'),
('PS26504',N'Có mặt','LH40'),
('PS26505',N'Có mặt','LH41'),
('PS26506',N'Có mặt','LH42'),
('PS26507',N'Có mặt','LH43'),
('PS26508',N'Có mặt','LH44'),
('PS26509',N'Có mặt','LH45'),

('PS26501',N'Có mặt','LH46'),
('PS26502',N'Có mặt','LH47'),
('PS26503',N'Có mặt','LH48'),
('PS26504',N'Có mặt','LH49'),
('PS26505',N'Có mặt','LH50'),
('PS26506',N'Có mặt','LH51'),
('PS26507',N'Có mặt','LH52'),
('PS26508',N'Có mặt','LH53'),
('PS26509',N'Có mặt','LH54'),

('PS26501',N'Có mặt','LH55'),
('PS26502',N'Có mặt','LH56'),
('PS26503',N'Có mặt','LH57'),
('PS26504',N'Có mặt','LH58'),
('PS26505',N'Có mặt','LH59'),
('PS26506',N'Có mặt','LH60'),
('PS26507',N'Có mặt','LH61'),
('PS26508',N'Có mặt','LH62'),
('PS26509',N'Có mặt','LH63'),

('PS26501',N'Có mặt','LH64'),
('PS26502',N'Có mặt','LH65'),
('PS26503',N'Có mặt','LH66'),
('PS26504',N'Có mặt','LH67'),
('PS26505',N'Có mặt','LH68'),
('PS26506',N'Có mặt','LH69'),
('PS26507',N'Có mặt','LH70'),
('PS26508',N'Có mặt','LH71'),
('PS26509',N'Có mặt','LH72'),

('PS26501',N'Có mặt','LH73'),
('PS26502',N'Có mặt','LH74'),
('PS26503',N'Có mặt','LH75'),
('PS26504',N'Có mặt','LH76'),
('PS26505',N'Có mặt','LH77'),
('PS26506',N'Có mặt','LH78'),
('PS26507',N'Có mặt','LH79'),
('PS26508',N'Có mặt','LH80'),
('PS26509',N'Có mặt','LH81'),

('PS26501',N'Có mặt','LH82'),
('PS26502',N'Có mặt','LH83'),
('PS26503',N'Có mặt','LH84'),
('PS26504',N'Có mặt','LH85'),
('PS26505',N'Có mặt','LH86'),
('PS26506',N'Có mặt','LH87'),
('PS26507',N'Có mặt','LH88'),
('PS26508',N'Có mặt','LH89'),
('PS26509',N'Có mặt','LH90'),

('PS26501',N'Có mặt','LH91'),
('PS26502',N'Có mặt','LH92'),
('PS26503',N'Có mặt','LH93'),
('PS26504',N'Có mặt','LH94'),
('PS26505',N'Có mặt','LH95'),
('PS26506',N'Có mặt','LH96'),
('PS26507',N'Có mặt','LH97'),
('PS26508',N'Có mặt','LH98'),
('PS26509',N'Có mặt','LH99');
*/














